## 连接到数据库并显示表及其状态

-   连接到数据库

```shell
mysql -uroot -p***********
```

-   显示所有的数据库

```sql
show databases;
+--------------------+
| Database           |
+--------------------+
| information_schema |
| employees          |
| mysql              |
| performance_schema |
| sakila             |
| sys                |
+--------------------+
6 rows in set (0.01 sec)
```



-   打开一个数据库实例

```sql
mysql> use sakila
Database changed
show table status like 'decimal_tb'\G;
*************************** 1. row ***************************
           Name: decimal_tb
         Engine: InnoDB
        Version: 10
     Row_format: Dynamic
           Rows: 6
 Avg_row_length: 5461
    Data_length: 32768
Max_data_length: 0
   Index_length: 0
      Data_free: 0
 Auto_increment: NULL
    Create_time: 2023-07-12 13:14:30
    Update_time: NULL
     Check_time: NULL
      Collation: utf8mb4_unicode_ci
       Checksum: NULL
 Create_options:
        Comment:
1 row in set (0.00 sec)

ERROR:
No query specified
```



-   显示表格

```sql
mysql> show tables;
+----------------------------+
| Tables_in_sakila           |
+----------------------------+
| test_char                  |
| test_decimal               |
| test_int                   |
| test_int_zerofill          |
| test_lpad                  |
+----------------------------+
30 rows in set (0.00 sec)
```



-   创建一个表格

```sql
drop table if exists decimal_tb;
create table decimal_tb
(
    col1 decimal,
    col2 decimal(5, 2)
);
```

-   显示表格的创建MDL语句

```sql
mysql> show create table decimal_tb\G;
*************************** 1. row ***************************
       Table: decimal_tb
Create Table: CREATE TABLE `decimal_tb` (
  `col1` decimal(10,0) DEFAULT NULL,
  `col2` decimal(5,2) DEFAULT NULL,
  `col3` decimal(6,6) DEFAULT NULL
) ENGINE=InnoDB DEFAULT CHARSET=utf8mb4 COLLATE=utf8mb4_unicode_ci
1 row in set (0.00 sec)

ERROR:
No query specified
```



-   查看表格的状态和字段

```sql
mysql> show table status like 'decimal_tb'\G;
*************************** 1. row ***************************
           Name: decimal_tb
         Engine: InnoDB
        Version: 10
     Row_format: Dynamic
           Rows: 6
 Avg_row_length: 5461
    Data_length: 32768
Max_data_length: 0
   Index_length: 0
      Data_free: 0
 Auto_increment: NULL
    Create_time: 2023-07-12 13:14:30
    Update_time: NULL
     Check_time: NULL
      Collation: utf8mb4_unicode_ci
       Checksum: NULL
 Create_options:
        Comment:
1 row in set (0.00 sec)

ERROR:
No query specified
```



-   查看表格的字段（全字段）

```sql
mysql> show full columns from decimal_tb;
+-------+---------------+-----------+------+-----+---------+-------+---------------------------------+---------+
| Field | Type          | Collation | Null | Key | Default | Extra | Privileges                      | Comment |
+-------+---------------+-----------+------+-----+---------+-------+---------------------------------+---------+
| col1  | decimal(10,0) | NULL      | YES  |     | NULL    |       | select,insert,update,references |         |
| col2  | decimal(5,2)  | NULL      | YES  |     | NULL    |       | select,insert,update,references |         |
| col3  | decimal(6,6)  | NULL      | YES  |     | NULL    |       | select,insert,update,references |         |
+-------+---------------+-----------+------+-----+---------+-------+---------------------------------+---------+
3 rows in set (0.00 sec)
```



-   查看表格的字段（主要字段）

```sql
mysql> desc decimal_tb;
+-------+---------------+------+-----+---------+----------------+
| Field | Type          | Null | Key | Default | Extra          |
+-------+---------------+------+-----+---------+----------------+
| id    | int(11)       | NO   | PRI | NULL    | auto_increment |
| col1  | decimal(10,0) | YES  |     | NULL    |                |
| col2  | decimal(5,2)  | YES  |     | NULL    |                |
| col3  | decimal(6,6)  | YES  |     | NULL    |                |
+-------+---------------+------+-----+---------+----------------+
4 rows in set (0.00 sec)
```



-   为表格添加一个自增字段

```sql
mysql> alter table decimal_tb add column id int auto_increment primary key first;
Query OK, 0 rows affected (0.08 sec)
Records: 0  Duplicates: 0  Warnings: 0

mysql> show full columns from decimal_tb;
+-------+---------------+-----------+------+-----+---------+----------------+---------------------------------+---------+
| Field | Type          | Collation | Null | Key | Default | Extra          | Privileges                      | Comment |
+-------+---------------+-----------+------+-----+---------+----------------+---------------------------------+---------+
| id    | int(11)       | NULL      | NO   | PRI | NULL    | auto_increment | select,insert,update,references |         |
| col1  | decimal(10,0) | NULL      | YES  |     | NULL    |                | select,insert,update,references |         |
| col2  | decimal(5,2)  | NULL      | YES  |     | NULL    |                | select,insert,update,references |         |
| col3  | decimal(6,6)  | NULL      | YES  |     | NULL    |                | select,insert,update,references |         |
+-------+---------------+-----------+------+-----+---------+----------------+---------------------------------+---------+
4 rows in set (0.00 sec)

show table status like 'decimal_tb'\G;
*************************** 1. row ***************************
           Name: decimal_tb
         Engine: InnoDB
        Version: 10
     Row_format: Dynamic
           Rows: 6
 Avg_row_length: 5461
    Data_length: 32768
Max_data_length: 0
   Index_length: 0
      Data_free: 0
 Auto_increment: 7
    Create_time: 2023-07-12 16:37:33
    Update_time: NULL
     Check_time: NULL
      Collation: utf8mb4_unicode_ci
       Checksum: NULL
 Create_options:
        Comment:
1 row in set (0.00 sec)

ERROR:
No query specified
```



-   为表格添加注释

```sql
mysql> alter table decimal_tb comment '精确数字测试表';
Query OK, 0 rows affected (0.02 sec)
Records: 0  Duplicates: 0  Warnings: 0

mysql> show table status like 'decimal_tb'\G';
*************************** 1. row ***************************
           Name: decimal_tb
         Engine: InnoDB
        Version: 10
     Row_format: Dynamic
           Rows: 6
 Avg_row_length: 5461
    Data_length: 32768
Max_data_length: 0
   Index_length: 0
      Data_free: 0
 Auto_increment: 7
    Create_time: 2023-07-12 16:39:13
    Update_time: NULL
     Check_time: NULL
      Collation: utf8mb4_unicode_ci
       Checksum: NULL
 Create_options:
        Comment: 精确数字测试表
1 row in set (0.00 sec)

ERROR:
No query specified
```



-   显示表格中的数据

>   虽然自增字段是在插入数据之后添加的字段，MySQL还是将已有字段进行了自增处理。

```
mysql> select * from decimal_tb;
+----+------------+-------+----------+
| id | col1       | col2  | col3     |
+----+------------+-------+----------+
|  1 |       NULL | 12.24 |     NULL |
|  2 | 9999999999 |  NULL |     NULL |
|  3 | 9876543210 |  NULL |     NULL |
|  4 | 9876543210 |  NULL |     NULL |
|  5 | 9876543210 |  NULL |     NULL |
|  6 |       NULL |  NULL | 0.888888 |
+----+------------+-------+----------+
6 rows in set (0.00 sec)
```



-   清空表中的数据

```sql
mysql> truncate table decimal_tb;
Query OK, 0 rows affected (0.02 sec)
mysql> select * from decimal_tb;
Empty set (0.00 sec)
```



-   插入数据

```sql
insert into decimal_tb
values ();
```

-   显示表的索引

```sql
mysql> show index from decimal_tb\G;
*************************** 1. row ***************************
        Table: decimal_tb
   Non_unique: 0
     Key_name: PRIMARY
 Seq_in_index: 1
  Column_name: id
    Collation: A
  Cardinality: 1
     Sub_part: NULL
       Packed: NULL
         Null:
   Index_type: BTREE
      Comment:
Index_comment:
1 row in set (0.00 sec)

ERROR:
No query specified
```

-   为表添加新的字段，类型text

```sql
mysql> alter table  decimal_tb
    -> add column title text not null comment '详情' after col2;
Query OK, 0 rows affected (0.07 sec)
Records: 0  Duplicates: 0  Warnings: 0

```



-   为新的text类型字段添加全文检索

```sql
alter table decimal_tb
add fulltext full_title('title') with parse ngram;
```



-   为表添加新字段，类型varchar，由于每一行的最大字节数是65535个字节

```sql
mysql> desc decimal_tb; 
+-------+---------------+------+-----+---------+----------------+
| Field | Type          | Null | Key | Default | Extra          |
+-------+---------------+------+-----+---------+----------------+
| id    | int(11)       | NO   | PRI | NULL    | auto_increment |
| col1  | decimal(10,0) | YES  |     | NULL    |                |
| col2  | decimal(5,2)  | YES  |     | NULL    |                |
| title | text          | NO   | MUL | NULL    |                |
| col3  | decimal(6,6)  | YES  |     | NULL    |                |
+-------+---------------+------+-----+---------+----------------+
5 rows in set (0.00 sec)
```

计算当前表字段的剩余字节数:

1.  int - 4bytes
2.  decimal(10, 0) - 小数部分和整数部分分别存储，占用的字节数：  5bytes
3.  decimal(5, 2)  3bytes
4.  text - 额外存储，不受行限制
5.  decimal(6,6)  3bytes

>   这里的计算还有点问题，有待商榷

由于要添加的varchar字段长度超过255，所以再减去2bytes，由于不能为空，所以不用再减去用于标记为空的一个bytes.

所以剩余的字节数为：

65535 - 4 -5 - 3 -3 =  65520

由于varchar字段的排序字符集设置的是utf8mb4_unicode_ci，一个字符占用4个字节 所以需要除以4。

所以如果想占满所有的字节数，body这个字段剩余的字节数为：65520 /4  - 2= 16378

```sql
alter table decimal_tb add column body varchar(16363) not null default '' collate utf8mb4_unicode_ci comment '新闻主题';
```



-   显示表格的索引详情

```
mysql> show index from decimal_tb\G;
*************************** 1. row ***************************
        Table: decimal_tb
   Non_unique: 0
     Key_name: PRIMARY
 Seq_in_index: 1
  Column_name: id
    Collation: A
  Cardinality: 1
     Sub_part: NULL
       Packed: NULL
         Null:
   Index_type: BTREE
      Comment:
Index_comment:
*************************** 2. row ***************************
        Table: decimal_tb
   Non_unique: 1
     Key_name: title_full_index
 Seq_in_index: 1
  Column_name: title
    Collation: NULL
  Cardinality: 1
     Sub_part: NULL
       Packed: NULL
         Null:
   Index_type: FULLTEXT
      Comment:
Index_comment:
2 rows in set (0.00 sec)
```

